{
    "color_": {
        "w": 1.0,
        "x": 1.0,
        "y": 1.0,
        "z": 1.0
    },
    "direction_": {
        "x": -0.654389500617981,
        "y": -0.5890986919403076,
        "z": 0.47406449913978577
    },
    "intensity_": 1.5
}
