{
    "chargeAttackStunInfo": {
        "isStunned": false,
        "stunDuration": 0.5,
        "stunTimer": -0.012000078335404396
    },
    "deceleration": 1.100000023841858,
    "energyInfo": {
        "energy": 1000.0,
        "energyCooldown": 1.0,
        "isEnergyDepleted": false,
        "maxEnergy": 1000.0,
        "recoveryRate": 200.0
    },
    "fallSpeed": 40.0,
    "focusTargetPos": {
        "x": 0.0,
        "y": -29.43923568725586,
        "z": -30.0
    },
    "health": 10000.0,
    "isAlive": true,
    "isChargeShooting": true,
    "isDamaged": false,
    "jumpInfo": {
        "deceleration": 40.0,
        "isJumping": false,
        "jumpTimer": 0.03200000151991844,
        "maxJumpTime": 0.30000001192092896,
        "speed": 50.0,
        "useEnergy": 150.0
    },
    "kMaxMoveSpeed": 120.0,
    "maxHealth": 10000.0,
    "moveDirection": {
        "x": 0.7621452808380127,
        "y": 0.6473813056945801,
        "z": 0.005661114118993282
    },
    "moveSpeed": 200.0,
    "name": "Enemy",
    "onGround": true,
    "overHeatInfo": {
        "isOverheated": false,
        "overheatDuration": 3.0,
        "overheatTimer": 0.0
    },
    "stepBoostInfo": {
        "Direction": {
            "x": 0.0,
            "y": 0.0,
            "z": 0.0
        },
        "boostTimer": -0.0040000323206186295,
        "duration": 0.30000001192092896,
        "interval": 0.20000000298023224,
        "intervalTimer": -0.008000025525689125,
        "speed": 230.0,
        "useEnergy": 100.0
    },
    "transform": {
        "rotate": {
            "w": 1.0,
            "x": 0.0,
            "y": 0.0,
            "z": 0.0
        },
        "scale": {
            "x": 1.5,
            "y": 1.5,
            "z": 1.5
        },
        "translate": {
            "x": 0.0,
            "y": 10.0,
            "z": 1100.0
        }
    },
    "velocity": {
        "x": 0.0,
        "y": 0.0,
        "z": 0.0
    }
}
