{
    "aspectRatio": 1.7777777910232544,
    "farClip": 3800.0,
    "filePath": "camera.json",
    "fovX": 0.44999998807907104,
    "nearClip": 0.10000000149011612,
    "offset": {
        "x": -12.607336044311523,
        "y": 4.060383319854736,
        "z": 20.209115982055664
    },
    "offsetDelta": {
        "x": -2.8000001907348633,
        "y": 2.086162567138672e-07,
        "z": -24.0
    },
    "transform": {
        "rotate": {
            "w": 0.3302121162414551,
            "x": 0.028135858476161957,
            "y": 0.9400810599327087,
            "z": -0.08010001480579376
        },
        "scale": {
            "x": 1.0,
            "y": 1.0,
            "z": 1.0
        },
        "translate": {
            "x": -12.607336044311523,
            "y": 4.060383319854736,
            "z": 20.209115982055664
        }
    }
}
