{
    "aspectRatio": 1.7777777910232544,
    "farClip": 3800.0,
    "filePath": "CameraConfig_GameScene.json",
    "fovX": 0.44999998807907104,
    "nearClip": 0.10000000149011612,
    "offset": {
        "x": -4.713639736175537,
        "y": 2.171476364135742,
        "z": -55.0
    },
    "offsetDelta": {
        "x": 0.0,
        "y": 5.0,
        "z": -55.0
    },
    "transform": {
        "rotate": {
            "w": 0.9984972476959229,
            "x": -0.02818569727241993,
            "y": 0.046979550272226334,
            "z": 0.0013261442072689533
        },
        "scale": {
            "x": 1.0,
            "y": 1.0,
            "z": 1.0
        },
        "translate": {
            "x": -642.9000244140625,
            "y": -68.2900390625,
            "z": 368.4615478515625
        }
    }
}
