{
    "aspectRatio": 1.7777777910232544,
    "farClip": 3800.0,
    "filePath": "CameraConfig_SelectScene.json",
    "fovX": 0.44999998807907104,
    "nearClip": 0.10000000149011612,
    "offset": {
        "x": -17.878366470336914,
        "y": 11.440938949584961,
        "z": 22.76640510559082
    },
    "offsetDelta": {
        "x": -2.8000001907348633,
        "y": 2.086162567138672e-07,
        "z": -31.0
    },
    "transform": {
        "rotate": {
            "w": 0.36549603939056396,
            "x": 0.0699131190776825,
            "y": 0.9116551280021667,
            "z": -0.1743842512369156
        },
        "scale": {
            "x": 1.0,
            "y": 1.0,
            "z": 1.0
        },
        "translate": {
            "x": -17.878366470336914,
            "y": 11.440938949584961,
            "z": 22.76640510559082
        }
    }
}
