{
    "aspectRatio": 1.7777777910232544,
    "farClip": 11111.0,
    "filePath": "CameraConfig_LightCamera.json",
    "fovX": 0.30000001192092896,
    "nearClip": 0.10000000149011612,
    "offset": {
        "x": 0.0,
        "y": -54.095062255859375,
        "z": -84.24807739257813
    },
    "offsetDelta": {
        "x": 0.0,
        "y": -100.12000274658203,
        "z": 0.0
    },
    "pitch": 1.0,
    "transform": {
        "rotate": {
            "w": 0.8775825500488281,
            "x": 0.4794255495071411,
            "y": 5.605193857299268e-45,
            "z": -5.605193857299268e-45
        },
        "scale": {
            "x": 1.0,
            "y": 1.0,
            "z": 1.0
        },
        "translate": {
            "x": 0.0,
            "y": -31.885204315185547,
            "z": -49.65826416015625
        }
    },
    "yaw": 0.0
}
