{
    "aspectRatio": 1.7777777910232544,
    "farClip": 3800.0,
    "filePath": "CameraConfig_SelectScene.json",
    "fovX": 0.44999998807907104,
    "nearClip": 0.10000000149011612,
    "offset": {
        "x": -13.760692596435547,
        "y": 2.2919070720672607,
        "z": 27.825000762939453
    },
    "offsetDelta": {
        "x": -2.8000001907348633,
        "y": 2.086162567138672e-07,
        "z": -31.0
    },
    "transform": {
        "rotate": {
            "w": 0.271167516708374,
            "x": 0.010037777945399284,
            "y": 0.9618211388587952,
            "z": -0.03560362383723259
        },
        "scale": {
            "x": 1.0,
            "y": 1.0,
            "z": 1.0
        },
        "translate": {
            "x": -13.760692596435547,
            "y": 2.2919070720672607,
            "z": 27.825000762939453
        }
    }
}
