{
    "aspectRatio": 1.7777777910232544,
    "farClip": 11409.0,
    "filePath": "CameraConfig_LightCamera.json",
    "fovX": 0.44999998807907104,
    "nearClip": 0.10000000149011612,
    "offset": {
        "x": -3947.650146484375,
        "y": 2498.348388671875,
        "z": -3632.792724609375
    },
    "offsetDelta": {
        "x": -0.6999999284744263,
        "y": 12.040000915527344,
        "z": -5918.0
    },
    "transform": {
        "rotate": {
            "w": 0.8942416906356812,
            "x": 0.196774423122406,
            "y": 0.3924544155597687,
            "z": -0.08712724596261978
        },
        "scale": {
            "x": 1.0,
            "y": 1.0,
            "z": 1.0
        },
        "translate": {
            "x": -3947.650146484375,
            "y": 2498.348388671875,
            "z": -3632.792724609375
        }
    }
}
