{
    "aspectRatio": 1.7699999809265137,
    "farClip": 3800.0,
    "filePath": "CameraConfig_CharacterEdit.json",
    "fovX": 0.44999998807907104,
    "nearClip": 0.10000000149011612,
    "offset": {
        "x": -13.665958404541016,
        "y": 9.139680862426758,
        "z": 20.760177612304688
    },
    "offsetDelta": {
        "x": -3.7000019550323486,
        "y": -0.3140001893043518,
        "z": -26.220001220703125
    },
    "transform": {
        "rotate": {
            "w": 0.35165590047836304,
            "x": 0.06544489413499832,
            "y": 0.9180753827095032,
            "z": -0.17085868120193481
        },
        "scale": {
            "x": 1.0,
            "y": 1.0,
            "z": 1.0
        },
        "translate": {
            "x": -13.665958404541016,
            "y": 9.139680862426758,
            "z": 20.760177612304688
        }
    }
}
