{
    "aspectRatio": 1.7777777910232544,
    "farClip": 3800.0,
    "filePath": "CameraConfig_TitleScene.json",
    "fovX": 0.44999998807907104,
    "nearClip": 0.10000000149011612,
    "offset": {
        "x": 0.0,
        "y": 5.0,
        "z": -55.0
    },
    "offsetDelta": {
        "x": 0.0,
        "y": 5.0,
        "z": -55.0
    },
    "transform": {
        "rotate": {
            "w": 1.0,
            "x": 5.605193857299268e-45,
            "y": 0.0,
            "z": 0.0
        },
        "scale": {
            "x": 1.0,
            "y": 1.0,
            "z": 1.0
        },
        "translate": {
            "x": 0.0,
            "y": 4.999999046325684,
            "z": -54.99999237060547
        }
    }
}
