{
    "aspectRatio": 1.7777777910232544,
    "farClip": 3800.0,
    "filePath": "Title_ViewCamera.json",
    "fovX": 0.44999998807907104,
    "nearClip": 0.10000000149011612,
    "offset": {
        "x": 0.21697932481765747,
        "y": 5.948493480682373,
        "z": -19.397491455078125
    },
    "offsetDelta": {
        "x": 0.0,
        "y": 7.119999885559082,
        "z": -19.0
    },
    "pitch": 0.0,
    "transform": {
        "rotate": {
            "w": -0.9995192885398865,
            "x": 0.03049434721469879,
            "y": 0.005590017884969711,
            "z": 0.00017081941768992692
        },
        "scale": {
            "x": 1.0,
            "y": 1.0,
            "z": 1.0
        },
        "translate": {
            "x": 0.21697932481765747,
            "y": 5.948493480682373,
            "z": -19.397491455078125
        }
    },
    "yaw": 0.0
}
