{
    "info": {
        "characterName": "Enemy",
        "chargeAttackStunInfo": {
            "isStunned": false,
            "stunDuration": 0.5,
            "stunTimer": 0.0
        },
        "colliderInfo": {
            "halfSize": {
                "x": 7.96999979019165,
                "y": 12.84000015258789,
                "z": 6.090000152587891
            },
            "offset": {
                "x": 0.0,
                "y": 12.039999961853027,
                "z": 0.0
            }
        },
        "deceleration": 1.100000023841858,
        "energyInfo": {
            "energy": 30.0,
            "energyCooldown": 1.0,
            "isEnergyDepleted": false,
            "maxEnergy": 1000.0,
            "recoveryRate": 200.0
        },
        "fallSpeed": 40.0,
        "focusTargetPos": {
            "x": 0.0,
            "y": 0.0,
            "z": 0.0
        },
        "health": 5000.0,
        "isAlive": true,
        "isChargeShooting": false,
        "isDamaged": false,
        "isInCombat": true,
        "jumpInfo": {
            "deceleration": 40.0,
            "isJumping": false,
            "jumpTimer": 0.0,
            "maxJumpTime": 0.3,
            "speed": 50.0,
            "useEnergy": 150.0
        },
        "kMaxMoveSpeed": 120.0,
        "maxHealth": 5000.0,
        "modelFilePath": "Enemy.gltf",
        "moveDirection": {
            "x": -0.8068184852600098,
            "y": 0.08713945746421814,
            "z": -0.5843378901481628
        },
        "moveSpeed": 200.0,
        "onGround": true,
        "overHeatInfo": {
            "isOverheated": false,
            "overheatDuration": 3.0,
            "overheatTimer": 0.0
        },
        "stepBoostInfo": {
            "boostTimer": 0.0,
            "direction": {
                "x": 0.0,
                "y": 0.0,
                "z": 0.0
            },
            "duration": 0.3,
            "interval": 0.2,
            "intervalTimer": 0.0,
            "speed": 230.0,
            "useEnergy": 100.0
        },
        "transform": {
            "rotate": {
                "w": -0.4841044545173645,
                "x": 0.014599408954381943,
                "y": 0.8744900822639465,
                "z": 0.026398111134767532
            },
            "scale": {
                "x": 2.5,
                "y": 2.5,
                "z": 2.5
            },
          "translate": {
            "x": 5.067971706390381,
            "y": -29.644039154052734,
            "z": 880.0
          }
        },
      "velocity": {
        "x": 0.0,
        "y": 0.0,
        "z": 0.0
      }
    },
    "weaponData": [
        {
            "config": {
                "bulletSpeed": 500.0,
                "canChargeAttack": false,
                "canMoveShootable": false,
                "effectiveRange": 1000.0,
                "homingRate": 0.0,
                "isStopShootOnly": true,
                "kAttackInterval": 2.0,
                "magazineCount_": 5,
                "maxBulletCount": 50,
                "maxReloadTime": 4.0,
                "power": 1500.0,
                "requiredChargeTime": 0.0
            },
            "modelFilePath": "Bazooka.gltf",
            "weaponName": "Bazooka",
            "weaponType": "WEAPON_TYPE_BAZOOKA"
        },
        {
            "actionData": {
                "burstShotInfo": {
                    "kInterval": 0.10000000149011612,
                    "kMaxBurstCount": 3
                }
            },
            "config": {
                "bulletSpeed": 550.0,
                "canChargeAttack": false,
                "canMoveShootable": true,
                "effectiveRange": 700.0,
                "homingRate": 0.0,
                "isStopShootOnly": false,
                "kAttackInterval": 0.30000001192092896,
                "magazineCount_": 30,
                "maxBulletCount": 600,
                "maxReloadTime": 3.0,
                "power": 90.0,
                "requiredChargeTime": 0.0
            },
            "modelFilePath": "Rifle.gltf",
            "weaponName": "Rifle",
            "weaponType": "WEAPON_TYPE_RIFLE"
        },
        {
            "actionData": {
                "burstShotInfo": {
                    "kInterval": 0.10000000149011612,
                    "kMaxBurstCount": 3
                },
                "vmInfo": {
                    "ascendSpeed": 183.39999389648438,
                    "explosionRadius": 5.0,
                    "homingRate": 0.375,
                    "maxAltitude": 0.0
                }
            },
            "config": {
                "bulletSpeed": 300.0,
                "canChargeAttack": false,
                "canMoveShootable": true,
                "effectiveRange": 1000.0,
                "homingRate": 0.10000000149011612,
                "isStopShootOnly": false,
                "kAttackInterval": 5.0,
                "magazineCount_": 3,
                "maxBulletCount": 120,
                "maxReloadTime": 2.0,
                "power": 400.0,
                "requiredChargeTime": 0.0
            },
            "modelFilePath": "VerticalMissileLauncher.gltf",
            "weaponName": "VerticalMissileLauncher",
            "weaponType": "WEAPON_TYPE_VERTICAL_MISSILE"
        },
        {
            "actionData": {
                "burstShotInfo": {
                    "kInterval": 0.10000000149011612,
                    "kMaxBurstCount": 3
                },
                "vmInfo": {
                    "ascendSpeed": 183.39999389648438,
                    "explosionRadius": 5.0,
                    "homingRate": 0.375,
                    "maxAltitude": 0.0
                }
            },
            "config": {
                "bulletSpeed": 300.0,
                "canChargeAttack": false,
                "canMoveShootable": true,
                "effectiveRange": 1000.0,
                "homingRate": 0.10000000149011612,
                "isStopShootOnly": false,
                "kAttackInterval": 5.0,
                "magazineCount_": 3,
                "maxBulletCount": 120,
                "maxReloadTime": 2.0,
                "power": 400.0,
                "requiredChargeTime": 0.0
            },
            "modelFilePath": "VerticalMissileLauncher.gltf",
            "weaponName": "VerticalMissileLauncher",
            "weaponType": "WEAPON_TYPE_VERTICAL_MISSILE"
        }
    ]
}
