{
    "info": {
        "characterName": "Enemy",
        "chargeAttackStunInfo": {
            "isStunned": false,
            "stunDuration": 0.5,
            "stunTimer": 0.0
        },
        "colliderInfo": {
            "halfSize": {
                "x": 3.3,
                "y": 5.8,
                "z": 3.3
            },
            "offset": {
                "x": 0.0,
                "y": 1.8,
                "z": 0.0
            }
        },
        "deceleration": 1.100000023841858,
        "energyInfo": {
            "energy": 78.79800415039063,
            "energyCooldown": 1.0,
            "isEnergyDepleted": false,
            "maxEnergy": 1000.0,
            "recoveryRate": 200.0
        },
        "fallSpeed": 40.0,
        "focusTargetPos": {
            "x": -0.017967302352190018,
            "y": -17.792173385620117,
            "z": -30.326204299926758
        },
        "health": 5000.0,
        "isAlive": true,
        "isChargeShooting": false,
        "isDamaged": false,
        "isInCombat": true,
        "jumpInfo": {
            "deceleration": 40.0,
            "isJumping": false,
            "jumpTimer": 0.01600000075995922,
            "maxJumpTime": 0.30000001192092896,
            "speed": 50.0,
            "useEnergy": 150.0
        },
        "kMaxMoveSpeed": 120.0,
        "maxHealth": 5000.0,
        "modelFilePath": "Enemy.gltf",
        "moveDirection": {
            "x": -0.07135063409805298,
            "y": 0.01305079460144043,
            "z": -0.9973659515380859
        },
        "moveSpeed": 200.0,
        "onGround": true,
        "overHeatInfo": {
            "isOverheated": false,
            "overheatDuration": 3.0,
            "overheatTimer": 0.0
        },
        "stepBoostInfo": {
            "boostTimer": 0.0,
            "direction": {
                "x": 0.0,
                "y": 0.0,
                "z": 0.0
            },
            "duration": 0.3,
            "interval": 0.2,
            "intervalTimer": 0.0,
            "speed": 230.0,
            "useEnergy": 100.0
        },
        "transform": {
            "rotate": {
                "w": -0.0028258992824703455,
                "x": 1.860873271652963e-05,
                "y": 0.9999743700027466,
                "z": 0.006584895309060812
            },
            "scale": {
                "x": 2.5,
                "y": 2.5,
                "z": 2.5
            },
            "translate": {
                "x": 5.067971706390381,
                "y": -29.644039154052734,
                "z": 869.523193359375
            }
        },
        "velocity": {
            "x": 0.0,
            "y": 0.0,
            "z": 0.0
        }
    },
    "weaponData": [
        {
            "config": {
                "bulletSpeed": 500.0,
                "canChargeAttack": false,
                "canMoveShootable": false,
                "effectiveRange": 1000.0,
                "homingRate": 0.0,
                "isStopShootOnly": true,
                "kAttackInterval": 2.0,
                "magazineCount_": 5,
                "maxBulletCount": 50,
                "maxReloadTime": 4.0,
                "power": 1500.0,
                "requiredChargeTime": 0.0
            },
            "modelFilePath": "Bazooka.gltf",
            "weaponName": "Bazooka",
            "weaponType": "WEAPON_TYPE_BAZOOKA"
        },
        {
            "actionData": {
                "burstShotInfo": {
                    "kInterval": 0.10000000149011612,
                    "kMaxBurstCount": 3
                }
            },
            "config": {
                "bulletSpeed": 550.0,
                "canChargeAttack": false,
                "canMoveShootable": true,
                "effectiveRange": 700.0,
                "homingRate": 0.0,
                "isStopShootOnly": false,
                "kAttackInterval": 0.30000001192092896,
                "magazineCount_": 30,
                "maxBulletCount": 600,
                "maxReloadTime": 3.0,
                "power": 90.0,
                "requiredChargeTime": 0.0
            },
            "modelFilePath": "Rifle.gltf",
            "weaponName": "Rifle",
            "weaponType": "WEAPON_TYPE_RIFLE"
        },
        {
            "actionData": {
                "burstShotInfo": {
                    "kInterval": 0.10000000149011612,
                    "kMaxBurstCount": 3
                },
                "vmInfo": {
                    "ascendSpeed": 183.39999389648438,
                    "explosionRadius": 5.0,
                    "homingRate": 0.375,
                    "maxAltitude": 0.0
                }
            },
            "config": {
                "bulletSpeed": 300.0,
                "canChargeAttack": false,
                "canMoveShootable": true,
                "effectiveRange": 1000.0,
                "homingRate": 0.10000000149011612,
                "isStopShootOnly": false,
                "kAttackInterval": 5.0,
                "magazineCount_": 3,
                "maxBulletCount": 120,
                "maxReloadTime": 2.0,
                "power": 400.0,
                "requiredChargeTime": 0.0
            },
            "modelFilePath": "VerticalMissileLauncher.gltf",
            "weaponName": "VerticalMissileLauncher",
            "weaponType": "WEAPON_TYPE_VERTICAL_MISSILE"
        },
        {
            "actionData": {
                "burstShotInfo": {
                    "kInterval": 0.10000000149011612,
                    "kMaxBurstCount": 3
                },
                "vmInfo": {
                    "ascendSpeed": 183.39999389648438,
                    "explosionRadius": 5.0,
                    "homingRate": 0.375,
                    "maxAltitude": 0.0
                }
            },
            "config": {
                "bulletSpeed": 300.0,
                "canChargeAttack": false,
                "canMoveShootable": true,
                "effectiveRange": 1000.0,
                "homingRate": 0.10000000149011612,
                "isStopShootOnly": false,
                "kAttackInterval": 5.0,
                "magazineCount_": 3,
                "maxBulletCount": 120,
                "maxReloadTime": 2.0,
                "power": 400.0,
                "requiredChargeTime": 0.0
            },
            "modelFilePath": "VerticalMissileLauncher.gltf",
            "weaponName": "VerticalMissileLauncher",
            "weaponType": "WEAPON_TYPE_VERTICAL_MISSILE"
        }
    ]
}
