{
    "info": {
        "characterName": "Player",
        "chargeAttackStunInfo": {
            "isStunned": false,
            "stunDuration": 0.5,
            "stunTimer": 0.0
        },
        "colliderInfo": {
            "halfSize": {
                "x": 3.140000104904175,
                "y": 7.510000228881836,
                "z": 2.5199999809265137
            },
            "offset": {
                "x": 0.0,
                "y": 8.0,
                "z": 0.0
            }
        },
        "deceleration": 1.100000023841858,
        "energyInfo": {
            "energy": 1000.0,
            "energyCooldown": 1.0,
            "isEnergyDepleted": false,
            "maxEnergy": 1000.0,
            "recoveryRate": 200.0
        },
        "fallSpeed": 40.0,
        "focusTargetPos": {
            "x": 4.818485736846924,
            "y": -29.54503059387207,
            "z": 894.2275390625
        },
        "health": 9730.0,
        "isAlive": true,
        "isChargeShooting": false,
        "isDamaged": false,
        "isInCombat": true,
        "jumpInfo": {
            "deceleration": 40.0,
            "isJumping": false,
            "jumpTimer": 0.0,
            "maxJumpTime": 0.30000001192092896,
            "speed": 50.0,
            "useEnergy": 150.0
        },
        "kMaxMoveSpeed": 120.0,
        "maxHealth": 9730.0,
        "modelFilePath": "Player_Model_Ver2.0.gltf",
        "moveDirection": {
            "x": 0.0,
            "y": 0.0,
            "z": 0.0
        },
        "moveSpeed": 200.0,
        "onGround": true,
        "overHeatInfo": {
            "isOverheated": false,
            "overheatDuration": 3.0,
            "overheatTimer": 0.0
        },
        "stepBoostInfo": {
            "boostTimer": 0.0,
            "direction": {
                "x": 0.0,
                "y": 0.0,
                "z": 0.0
            },
            "duration": 0.30000001192092896,
            "interval": 0.20000000298023224,
            "intervalTimer": 0.0,
            "speed": 230.0,
            "useEnergy": 100.0
        },
        "transform": {
            "rotate": {
                "w": 0.9999555349349976,
                "x": 0.009062555618584156,
                "y": 0.0026154660154134035,
                "z": -2.3703865736024454e-05
            },
            "scale": {
                "x": 1.5,
                "y": 1.5,
                "z": 1.5
            },
            "translate": {
                "x": 4.187044877479451e-10,
                "y": -32.71565246582031,
                "z": -30.0
            }
        },
        "velocity": {
            "x": -6.603841551291317e-14,
            "y": 7.207489290309995e-25,
            "z": 2.0343649894818794e-24
        }
    },
    "weaponData": [
        {
            "config": {
                "bulletSpeed": 500.0,
                "canChargeAttack": false,
                "canMoveShootable": false,
                "effectiveRange": 1000.0,
                "homingRate": 0.0,
                "isStopShootOnly": true,
                "kAttackInterval": 2.0,
                "magazineCount_": 5,
                "maxBulletCount": 50,
                "maxReloadTime": 4.0,
                "power": 1500.0,
                "requiredChargeTime": 0.0
            },
            "modelFilePath": "Bazooka.gltf",
            "weaponName": "Bazooka",
            "weaponType": "WEAPON_TYPE_BAZOOKA"
        },
        {
            "actionData": {
                "burstShotInfo": {
                    "kInterval": 0.10000000149011612,
                    "kMaxBurstCount": 3
                }
            },
            "config": {
                "bulletSpeed": 550.0,
                "canChargeAttack": false,
                "canMoveShootable": true,
                "effectiveRange": 700.0,
                "homingRate": 0.0,
                "isStopShootOnly": false,
                "kAttackInterval": 0.30000001192092896,
                "magazineCount_": 30,
                "maxBulletCount": 600,
                "maxReloadTime": 3.0,
                "power": 90.0,
                "requiredChargeTime": 0.0
            },
            "modelFilePath": "Rifle.gltf",
            "weaponName": "Rifle",
            "weaponType": "WEAPON_TYPE_RIFLE"
        },
        {
            "actionData": {
                "burstShotInfo": {
                    "kInterval": 0.10000000149011612,
                    "kMaxBurstCount": 3
                },
                "vmInfo": {
                    "ascendSpeed": 183.39999389648438,
                    "explosionRadius": 5.0,
                    "homingRate": 0.375,
                    "maxAltitude": 0.0
                }
            },
            "config": {
                "bulletSpeed": 300.0,
                "canChargeAttack": false,
                "canMoveShootable": true,
                "effectiveRange": 1000.0,
                "homingRate": 0.10000000149011612,
                "isStopShootOnly": false,
                "kAttackInterval": 5.0,
                "magazineCount_": 3,
                "maxBulletCount": 120,
                "maxReloadTime": 2.0,
                "power": 400.0,
                "requiredChargeTime": 0.0
            },
            "modelFilePath": "VerticalMissileLauncher.gltf",
            "weaponName": "VerticalMissileLauncher",
            "weaponType": "WEAPON_TYPE_VERTICAL_MISSILE"
        },
        {
            "actionData": {
                "burstShotInfo": {
                    "kInterval": 0.10000000149011612,
                    "kMaxBurstCount": 3
                },
                "vmInfo": {
                    "ascendSpeed": 183.39999389648438,
                    "explosionRadius": 5.0,
                    "homingRate": 0.375,
                    "maxAltitude": 0.0
                }
            },
            "config": {
                "bulletSpeed": 300.0,
                "canChargeAttack": false,
                "canMoveShootable": true,
                "effectiveRange": 1000.0,
                "homingRate": 0.10000000149011612,
                "isStopShootOnly": false,
                "kAttackInterval": 5.0,
                "magazineCount_": 3,
                "maxBulletCount": 120,
                "maxReloadTime": 2.0,
                "power": 400.0,
                "requiredChargeTime": 0.0
            },
            "modelFilePath": "VerticalMissileLauncher.gltf",
            "weaponName": "VerticalMissileLauncher",
            "weaponType": "WEAPON_TYPE_VERTICAL_MISSILE"
        }
    ]
}
