{
    "duration": 3.0,
    "easingType": 0,
    "effectName": "DistortionEffect",
    "endIntensity": 0.0,
    "peakIntensity": 0.49000000953674316,
    "peakTimeRate": 0.4880000054836273,
    "presetName": "GameOverEffect_3",
    "specificParams": {
        "enable": false,
        "noiseScale": {
            "x": 0.009999999776482582,
            "y": 176.89999389648438
        },
        "offset": {
            "x": 0.0,
            "y": 0.0
        },
        "scrollSpeed": {
            "x": -9.208999633789063,
            "y": -68.27799987792969
        },
        "strength": 0.0,
        "timer": 0.0
    },
    "startIntensity": 0.05999999865889549
}
