{
    "anchorPoint": {
        "x": 0.5,
        "y": 0.5
    },
    "color": {
        "w": 1.0,
        "x": 0.30000001192092896,
        "y": 0.30000001192092896,
        "z": 0.30000001192092896
    },
    "name": "PauseMenu_Item1.json",
    "position": {
        "x": 150.0,
        "y": 180.0
    },
    "rotation": 0.0,
    "size": {
        "x": 200.0,
        "y": 50.0
    },
    "textureFilePath": "white1x1.png",
    "textureLeftTop": {
        "x": 0.0,
        "y": 0.0
    },
    "textureSize": {
        "x": 1.0,
        "y": 1.0
    }
}
