{
    "attributes": {
        "alignRotationToEmitter": false,
        "color": {
            "x": 0.9254902005195618,
            "y": 1.0,
            "z": 1.0
        },
        "colorRange": {
            "max": 1.0,
            "min": 0.0
        },
        "direction": {
            "x": 0.0,
            "y": 0.0,
            "z": 0.0
        },
        "editColor": true,
        "emitCount": 2,
        "enableFollowEmitter": false,
        "enableLighting": true,
        "frequency": 0.10000000149011612,
        "isBillboard": true,
        "isDirectional": true,
        "isEmitterTrail": true,
        "isParticleTrail": false,
        "isTraslate": true,
        "lifetimeEasingType": 0,
        "lifetimeRange": {
            "max": 0.3199999928474426,
            "min": 0.20999999344348907
        },
        "particlesPerInterpolation": 20,
        "positionRange": {
            "max": 0.46000000834465027,
            "min": -0.4099999964237213
        },
        "rotateRange": {
            "max": 3.1415927410125732,
            "min": -3.1415927410125732
        },
        "scale": {
            "x": 5.329999923706055,
            "y": 0.1599999964237213,
            "z": 0.1599999964237213
        },
        "scaleEasingType": 0,
        "scaleRange": {
            "max": 3.0199999809265137,
            "min": 1.100000023841858
        },
        "scaleSetting": 1,
        "trailEmitInterval": 0.0010000000474974513,
        "velocityEasingType": 0,
        "velocityRange": {
            "max": 15.729999542236328,
            "min": 0.46000000834465027
        }
    },
    "blendState": 1,
    "isUseTextureAnimation": false,
    "name": "BazookaBulletSmoke.json",
    "primitiveParam": {
        "height": 1.0,
        "width": 1.0
    },
    "primitiveType": "PRIMITIVE_PLANE",
    "textureAnimationParam": null,
    "textureAnimationType": 0,
    "textureFilePath": "smoke.png"
}
