{
    "attributes": {
        "color": {
            "x": 0.9254902005195618,
            "y": 0.0470588244497776,
            "z": 0.0470588244497776
        },
        "colorRange": {
            "max": 1.0,
            "min": 0.0
        },
        "direction": {
            "x": 0.0,
            "y": 0.0,
            "z": 0.0
        },
        "editColor": true,
        "emitCount": 0,
        "enableFollowEmitter": false,
        "frequency": 0.0,
        "isBillboard": true,
        "isDirectional": true,
        "isEmitterTrail": false,
        "isParticleTrail": false,
        "isTraslate": true,
        "lifetimeEasingType": 0,
        "lifetimeRange": {
            "max": 0.3199999928474426,
            "min": 0.20999999344348907
        },
        "particlesPerInterpolation": 1,
        "positionRange": {
            "max": 0.46000000834465027,
            "min": -0.4099999964237213
        },
        "rotateRange": {
            "max": 3.1415927410125732,
            "min": -3.1415927410125732
        },
        "scale": {
            "x": 0.05000000074505806,
            "y": 0.1599999964237213,
            "z": 0.1599999964237213
        },
        "scaleEasingType": 0,
        "scaleRange": {
            "max": 0.5600000023841858,
            "min": 0.14000000059604645
        },
        "scaleSetting": 1,
        "trailEmitInterval": 0.01600000075995922,
        "velocityEasingType": 0,
        "velocityRange": {
            "max": 15.729999542236328,
            "min": 0.46000000834465027
        }
    },
    "blendState": 1,
    "isUseTextureAnimation": false,
    "name": "BoostEffect4",
    "primitiveParam": {
        "height": 1.0,
        "width": 1.0
    },
    "primitiveType": "PRIMITIVE_PLANE",
    "textureAnimationParam": null,
    "textureAnimationType": 0,
    "textureFilePath": "white1x1.png"
}
