{
    "attributes": {
        "color": {
            "x": 0.7599999904632568,
            "y": 0.3019607961177826,
            "z": 0.10000000149011612
        },
        "colorRange": {
            "max": 1.0,
            "min": 0.009999999776482582
        },
        "direction": {
            "x": 0.0,
            "y": 0.0,
            "z": 0.0
        },
        "editColor": true,
        "emitCount": 50,
        "enableFollowEmitter": false,
        "frequency": 0.0,
        "isBillboard": true,
        "isDirectional": true,
        "isEmitterTrail": true,
        "isParticleTrail": false,
        "isTraslate": true,
        "lifetimeEasingType": 0,
        "lifetimeRange": {
            "max": 0.12160000205039978,
            "min": 0.07000000029802322
        },
        "particlesPerInterpolation": 30,
        "positionRange": {
            "max": 0.46000000834465027,
            "min": -0.4099999964237213
        },
        "rotateRange": {
            "max": 0.27000001072883606,
            "min": -0.46000000834465027
        },
        "scale": {
            "x": 0.05000000074505806,
            "y": 0.1599999964237213,
            "z": 0.1599999964237213
        },
        "scaleEasingType": 0,
        "scaleRange": {
            "max": 1.0,
            "min": 0.10000000149011612
        },
        "scaleSetting": 2,
        "trailEmitInterval": 9.999999747378752e-05,
        "velocityEasingType": 0,
        "velocityRange": {
            "max": 50.849998474121094,
            "min": 0.46000000834465027
        }
    },
    "blendState": 1,
    "isUseTextureAnimation": false,
    "name": "BoostEffect5",
    "primitiveParam": {
        "height": 1.0,
        "width": 1.0
    },
    "primitiveType": "PRIMITIVE_PLANE",
    "textureAnimationParam": null,
    "textureAnimationType": 0,
    "textureFilePath": "MazzleEffect1.png"
}
