{
    "attributes": {
        "color": {
            "x": 1.0,
            "y": 0.47058823704719543,
            "z": 0.16078431904315948
        },
        "colorRange": {
            "max": 1.0,
            "min": 0.0
        },
        "direction": {
            "x": 0.0,
            "y": 0.0,
            "z": 0.0
        },
        "editColor": true,
        "emitCount": 0,
        "enableFollowEmitter": false,
        "frequency": 0.0,
        "isBillboard": false,
        "isDirectional": false,
        "isTraslate": true,
        "lifetimeRange": {
            "max": 0.49000000953674316,
            "min": 0.3199999928474426
        },
        "positionRange": {
            "max": 3.9100000858306885,
            "min": -5.789999961853027
        },
        "rotateRange": {
            "max": 3.1415927410125732,
            "min": -3.1415927410125732
        },
        "scale": {
            "x": 8.109999656677246,
            "y": 6.010000228881836,
            "z": 4.809999942779541
        },
        "scaleRange": {
            "max": 10.0,
            "min": 0.0
        },
        "scaleSetting": 1,
        "velocityRange": {
            "max": 10.0,
            "min": -9.470000267028809
        }
    },
    "blendState": 1,
    "name": "DeadExplosionEffect",
    "primitiveParameters": {
        "x": 1.0,
        "y": 1.0,
        "z": 1.0
    },
    "primitiveType": "PRIMITIVE_SPHERE",
    "textureFilePath": "BoostEffect4.png"
}
