{
    "attributes": {
        "color": {
            "x": 0.09019608050584793,
            "y": 0.0941176488995552,
            "z": 0.0941176488995552
        },
        "colorRange": {
            "max": 1.0,
            "min": 0.0
        },
        "direction": {
            "x": 0.0,
            "y": 0.0,
            "z": 0.0
        },
        "editColor": true,
        "emitCount": 0,
        "enableFollowEmitter": false,
        "frequency": 0.0,
        "isBillboard": true,
        "isDirectional": true,
        "isTraslate": true,
        "lifetimeRange": {
            "max": 5.300000190734863,
            "min": 3.5
        },
        "positionRange": {
            "max": 2.0899999141693115,
            "min": -2.490000009536743
        },
        "rotateRange": {
            "max": 3.1415927410125732,
            "min": -3.1415927410125732
        },
        "scale": {
            "x": 1.0,
            "y": 1.0,
            "z": 1.0
        },
        "scaleRange": {
            "max": 4.28000020980835,
            "min": 0.0
        },
        "scaleSetting": 1,
        "velocityRange": {
            "max": 10.0,
            "min": 3.2899999618530273
        }
    },
    "blendState": 7,
    "name": "DeadSmokeEffect",
    "primitiveParameters": {
        "x": 1.0,
        "y": 1.0,
        "z": 1.0
    },
    "primitiveType": "PRIMITIVE_PLANE",
    "textureFilePath": "SparkNoise.png"
}
