{
    "attributes": {
        "color": {
            "x": 0.007843137718737125,
            "y": 0.0117647061124444,
            "z": 0.0117647061124444
        },
        "direction": {
            "x": 0.0,
            "y": 0.0,
            "z": 0.0
        },
        "colorRange": {
            "max": 1.0,
            "min": 0.0
        },
        "editColor": true,
        "emitCount": 0,
        "enableFollowEmitter": false,
        "frequency": 0.0,
        "isBillboard": true,
        "isTraslate": true,
        "isDirectional": false,
        "lifetimeRange": {
            "max": 4.659999847412109,
            "min": 1.0
        },
        "positionRange": {
            "max": 0.6700000166893005,
            "min": -0.44999998807907104
        },
        "rotateRange": {
            "max": 3.1415927410125732,
            "min": -3.1415927410125732
        },
        "scale": {
            "x": 1.0,
            "y": 1.0,
            "z": 1.0
        },
        "scaleRange": {
            "max": 5.869999885559082,
            "min": 4.119999885559082
        },
        "scaleSetting": 0,
        "velocityRange": {
            "max": 10.0,
            "min": -0.2800000011920929
        }
    },
    "name": "WalkSmoke2",
    "primitiveParam": {
        "width": 1.0,
        "height": 1.0

    },
    "blendState": 1,
    "primitiveType": "PRIMITIVE_PLANE",
    "textureFilePath": "white.png"
}
