{
    "burstShotInfo": {
        "kInterval": 0.10000000149011612,
        "kMaxBurstCount": 3
    },
    "homingRate": 0.10000000149011612
}
